{"cameraMode":{"drawMode":0,"name":"Shaded","section":"Shading Mode"},"sceneLighting":false,"audioPlay":false,"sceneViewState":{"showFog":true,"showMaterialUpdate":false,"showSkybox":true,"showFlares":true,"showImageEffects":true,"showParticleSystems":true},"in2DMode":false,"pivot":{"x":33.49273681640625,"y":4.8688859939575199,"z":-6.224255084991455},"rotation":{"x":-0.1506209820508957,"y":0.0625416487455368,"z":-0.009555882774293423,"w":-0.986591100692749},"size":40.3596076965332,"orthographic":false}