{"cameraMode":{"drawMode":0,"name":"Shaded","section":"Shading Mode"},"sceneLighting":false,"audioPlay":false,"sceneViewState":{"showFog":true,"showMaterialUpdate":false,"showSkybox":true,"showFlares":true,"showImageEffects":true,"showParticleSystems":true},"in2DMode":false,"pivot":{"x":113.42408752441406,"y":0.4056239128112793,"z":3.4242796897888185},"rotation":{"x":-0.26293984055519106,"y":0.07978256046772003,"z":-0.021831711754202844,"w":-0.9612867832183838},"size":9.600343704223633,"orthographic":false}