{"cameraMode":{"drawMode":0,"name":"Shaded","section":"Shading Mode"},"sceneLighting":false,"audioPlay":false,"sceneViewState":{"showFog":true,"showMaterialUpdate":false,"showSkybox":true,"showFlares":true,"showImageEffects":true,"showParticleSystems":true},"in2DMode":false,"pivot":{"x":112.13497924804688,"y":1.0821256637573243,"z":3.614373207092285},"rotation":{"x":-0.26293984055519106,"y":0.07978256046772003,"z":-0.021831711754202844,"w":-0.9612867832183838},"size":10.929852485656739,"orthographic":false}